Nodos,Prom
0,2.049890856884528
1,1.8716636652719625
2,1.66372117681265
3,1.3512794499899372
4,1.1761362939193114
5,1.0686186923196994
6,1.1014938161846928
7,1.4285382197097705
8,1.4985340841414183
9,1.5271769226173615
10,1.574918528680419
11,1.611406149275437
12,1.203345765853637
13,1.109340958362242
14,1.4142766608685633
15,1.5265678952475632
16,2.694285625052532
17,2.3469166997367035
18,2.1931827976153717
19,1.5764011956930932
Suma columna,29.93780459735236
